,Year,variable,value
0,2004,Revenue,914352803.7199991
1,2005,Revenue,1159195590.1599941
2,2006,Revenue,1495891100.900002
3,2007,Revenue,1117336274.0700016
4,2004,Gross profit,367617908.5699997
5,2005,Gross profit,468683691.65000045
6,2006,Gross profit,623260572.4699981
7,2007,Gross profit,465272821.9899996
